Id,Date,TotalSteps,TotalDistance,TrackerDistance,LogActDistance,VeryActDistance,ModerateActDistance,LightActDistnace,SedentaryActDistance,VeryActiveMins,FairlyActiveMins,LightlyActiveMins,SedentaryActiveMins,Calories,TotalRecords,TotalMinsSlept,TotalMinsBed
1503960366,12-04-2016,13162,8.5,8.5,0,1.88,0.55,6.06,0,25,13,328,728,1985,1,327,346
1503960366,13-04-2016,10735,6.97,6.97,0,1.57,0.69,4.71,0,21,19,217,776,1797,2,384,407
1503960366,15-04-2016,9762,6.28,6.28,0,2.14,1.26,2.83,0,29,34,209,726,1745,1,412,442
1503960366,16-04-2016,12669,8.16,8.16,0,2.71,0.41,5.04,0,36,10,221,773,1863,2,340,367
1503960366,17-04-2016,9705,6.48,6.48,0,3.19,0.78,2.51,0,38,20,164,539,1728,1,700,712
1503960366,19-04-2016,15506,9.88,9.88,0,3.53,1.32,5.03,0,50,31,264,775,2035,1,304,320
1503960366,20-04-2016,10544,6.68,6.68,0,1.96,0.48,4.24,0,28,12,205,818,1786,1,360,377
1503960366,21-04-2016,9819,6.34,6.34,0,1.34,0.35,4.65,0,19,8,211,838,1775,1,325,364
1503960366,23-04-2016,14371,9.04,9.04,0,2.81,0.87,5.36,0,41,21,262,732,1949,1,361,384
1503960366,24-04-2016,10039,6.41,6.41,0,2.92,0.21,3.28,0,39,5,238,709,1788,1,430,449
1503960366,25-04-2016,15355,9.8,9.8,0,5.29,0.57,3.94,0,73,14,216,814,2013,1,277,323
1503960366,26-04-2016,13755,8.79,8.79,0,2.33,0.92,5.54,0,31,23,279,833,1970,1,245,274
1503960366,28-04-2016,13154,8.53,8.53,0,3.54,1.16,3.79,0,48,28,189,782,1898,1,366,393
1503960366,29-04-2016,11181,7.15,7.15,0,1.06,0.5,5.58,0,16,12,243,815,1837,1,341,354
1503960366,30-04-2016,14673,9.25,9.25,0,3.56,1.42,4.27,0,52,34,217,712,1947,1,404,425
1503960366,01-05-2016,10602,6.81,6.81,0,2.29,1.6,2.92,0,33,35,246,730,1820,1,369,396
1503960366,02-05-2016,14727,9.71,9.71,0,3.21,0.57,5.92,0,41,15,277,798,2004,1,277,309
1503960366,03-05-2016,15103,9.66,9.66,0,3.73,1.05,4.88,0,50,24,254,816,1990,1,273,296
1503960366,05-05-2016,14070,8.9,8.9,0,2.92,1.08,4.88,0,45,24,250,857,1959,1,247,264
1503960366,06-05-2016,12159,8.03,8.03,0,1.97,0.25,5.81,0,24,6,289,754,1896,1,334,367
1503960366,07-05-2016,11992,7.71,7.71,0,2.46,2.12,3.13,0,37,46,175,833,1821,1,331,349
1503960366,08-05-2016,10060,6.58,6.58,0,3.53,0.32,2.73,0,44,8,203,574,1740,1,594,611
1503960366,09-05-2016,12022,7.72,7.72,0,3.45,0.53,3.74,0,46,11,206,835,1819,1,338,342
1503960366,10-05-2016,12207,7.77,7.77,0,3.35,1.16,3.26,0,46,31,214,746,1859,1,383,403
1503960366,11-05-2016,12770,8.13,8.13,0,2.56,1.01,4.55,0,36,23,251,669,1783,1,285,306
1644430081,29-04-2016,3176,2.31,2.31,0,0,0,2.31,0,0,0,120,1193,2498,1,119,127
1644430081,30-04-2016,18213,13.24,13.24,0,0.63,3.14,9.46,0,9,71,402,816,3846,1,124,142
1644430081,02-05-2016,3758,2.73,2.73,0,0.07,0.31,2.35,0,1,7,148,682,2580,1,796,961
1644430081,08-05-2016,6724,4.89,4.89,0,0,0,4.88,0,0,0,295,991,2987,1,137,154
1844505072,15-04-2016,3844,2.54,2.54,0,0,0,2.54,0,0,0,176,527,1725,1,644,961
1844505072,30-04-2016,4014,2.67,2.67,0,0,0,2.65,0,0,0,184,218,1763,1,722,961
1844505072,01-05-2016,2573,1.7,1.7,0,0,0.26,1.45,0,0,7,75,585,1541,1,590,961
1927972279,12-04-2016,678,0.47,0.47,0,0,0,0.47,0,0,0,55,734,2220,3,750,775
1927972279,13-04-2016,356,0.25,0.25,0,0,0,0.25,0,0,0,32,986,2151,1,398,422
1927972279,15-04-2016,980,0.68,0.68,0,0,0,0.68,0,0,0,51,941,2221,2,475,499
1927972279,26-04-2016,3761,2.6,2.6,0,0,0,2.6,0,0,0,192,1058,2638,1,296,315
1927972279,28-04-2016,1675,1.16,1.16,0,0,0,1.16,0,0,0,95,1167,2351,1,166,178
2026352035,12-04-2016,4414,2.74,2.74,0,0.19,0.35,2.2,0,3,8,181,706,1459,1,503,546
2026352035,13-04-2016,4993,3.1,3.1,0,0,0,3.1,0,0,0,238,663,1521,1,531,565
2026352035,14-04-2016,3335,2.07,2.07,0,0,0,2.05,0,0,0,197,653,1431,1,545,568
2026352035,15-04-2016,3821,2.37,2.37,0,0,0,2.37,0,0,0,188,687,1444,1,523,573
2026352035,16-04-2016,2547,1.58,1.58,0,0,0,1.58,0,0,0,150,728,1373,1,524,567
2026352035,17-04-2016,838,0.52,0.52,0,0,0,0.52,0,0,0,60,1053,1214,1,437,498
2026352035,19-04-2016,2424,1.5,1.5,0,0,0,1.5,0,0,0,141,785,1356,1,498,540
2026352035,20-04-2016,7222,4.48,4.48,0,0,0,4.48,0,0,0,327,623,1667,1,461,510
2026352035,21-04-2016,2467,1.53,1.53,0,0,0,1.53,0,0,0,153,749,1370,1,477,514
2026352035,22-04-2016,2915,1.81,1.81,0,0,0,1.81,0,0,0,162,712,1399,1,520,545
2026352035,23-04-2016,12357,7.71,7.71,0,0,0,7.71,0,0,0,432,458,1916,1,522,554
2026352035,24-04-2016,3490,2.16,2.16,0,0,0,2.16,0,0,0,164,704,1401,1,555,591
2026352035,25-04-2016,6017,3.73,3.73,0,0,0,3.73,0,0,0,260,821,1576,1,506,531
2026352035,27-04-2016,6088,3.77,3.77,0,0,0,3.77,0,0,0,286,586,1593,1,508,545
2026352035,28-04-2016,6375,3.95,3.95,0,0,0,3.95,0,0,0,331,626,1649,1,513,545
2026352035,29-04-2016,7604,4.71,4.71,0,0,0,4.71,0,0,0,352,492,1692,1,490,510
2026352035,30-04-2016,4729,2.93,2.93,0,0,0,2.93,0,0,0,233,594,1506,1,573,607
2026352035,01-05-2016,3609,2.28,2.28,0,0,0,2.28,0,0,0,191,716,1447,1,527,546
2026352035,02-05-2016,7018,4.35,4.35,0,0,0,4.35,0,0,0,355,716,1690,1,511,543
2026352035,04-05-2016,6564,4.07,4.07,0,0,0,4.07,0,0,0,345,530,1658,1,538,560
2026352035,05-05-2016,12167,7.54,7.54,0,0,0,7.54,0,0,0,475,479,1926,1,468,485
2026352035,06-05-2016,8198,5.08,5.08,0,0,0,5.08,0,0,0,383,511,1736,1,524,548
2026352035,07-05-2016,4193,2.6,2.6,0,0,0,2.6,0,0,0,229,665,1491,1,511,521
2026352035,08-05-2016,5528,3.45,3.45,0,0,0,3.45,0,0,0,258,610,1555,1,541,568
2026352035,09-05-2016,10685,6.62,6.62,0,0,0,6.6,0,0,0,401,543,1869,1,531,556
2026352035,10-05-2016,254,0.16,0.16,0,0,0,0.16,0,0,0,17,1002,1141,1,357,380
2026352035,11-05-2016,8580,5.32,5.32,0,0,0,5.32,0,0,0,330,569,1698,1,523,553
2026352035,12-05-2016,8891,5.51,5.51,0,0,0,5.51,0,0,0,343,330,1364,1,456,485
2320127002,23-04-2016,5079,3.42,3.42,0,0,0,3.42,0,0,0,242,1129,1804,1,61,69
2347167796,13-04-2016,10352,7.01,7.01,0,1.66,1.94,3.41,0,19,32,195,676,2038,1,467,531
2347167796,14-04-2016,10129,6.7,6.7,0,0.02,2.74,3.94,0,1,48,206,705,2010,1,445,489
2347167796,15-04-2016,10465,6.92,6.92,0,0.07,1.42,5.43,0,1,24,284,720,2133,1,452,504
2347167796,17-04-2016,5472,3.62,3.62,0,0.08,0.28,3.26,0,1,7,249,508,1882,1,556,602
2347167796,18-04-2016,8247,5.45,5.45,0,0.79,0.86,3.79,0,11,16,206,678,1944,1,500,557
2347167796,19-04-2016,6711,4.44,4.44,0,0,0,4.44,0,0,7,382,648,2346,1,465,514
2347167796,21-04-2016,10080,6.75,6.75,0,1.85,1.53,3.38,0,23,26,208,761,2048,1,460,484
2347167796,22-04-2016,7804,5.16,5.16,0,0.56,1.68,2.92,0,9,27,206,781,1946,1,405,461
2347167796,23-04-2016,16901,11.37,11.37,0,2.78,1.45,7.15,0,32,35,360,591,2629,1,374,386
2347167796,24-04-2016,9471,6.26,6.26,0,0,0,6.26,0,0,0,360,584,2187,1,442,459
2347167796,25-04-2016,9482,6.38,6.38,0,1.27,0.52,4.6,0,15,11,277,653,2095,1,433,471
2347167796,26-04-2016,5980,3.95,3.95,0,0,0,3.95,0,0,0,227,732,1861,1,436,490
2347167796,27-04-2016,11423,7.58,7.58,0,1.86,0.4,5.32,0,26,9,295,623,2194,1,448,499
2347167796,28-04-2016,5439,3.6,3.6,0,0,0,3.6,0,0,0,229,764,1854,1,408,450
2347167796,29-04-2016,42,0.03,0.03,0,0,0,0.03,0,0,0,4,2,403,1,411,473
3977333714,12-04-2016,8856,5.98,5.98,0,3.06,0.91,2.01,0,44,19,131,777,1450,1,274,469
3977333714,13-04-2016,10035,6.71,6.71,0,2.03,2.13,2.55,0,31,46,153,754,1495,2,295,456
3977333714,14-04-2016,7641,5.11,5.11,0,0.32,0.97,3.82,0,5,23,214,801,1433,1,291,397
3977333714,15-04-2016,9010,6.06,6.06,0,1.05,1.75,3.26,0,15,42,183,644,1468,1,424,556
3977333714,16-04-2016,13459,9,9,0,2.03,4,2.97,0,31,83,153,663,1625,1,283,510
3977333714,17-04-2016,10415,6.97,6.97,0,0.7,2.35,3.92,0,11,58,205,600,1529,1,381,566
3977333714,18-04-2016,11663,7.8,7.8,0,0.25,3.73,3.82,0,4,95,214,605,1584,2,412,522
3977333714,19-04-2016,12414,8.78,8.78,0,2.24,2.45,3.96,0,19,67,221,738,1638,1,219,395
3977333714,20-04-2016,11658,7.83,7.83,0,0.2,4.35,3.28,0,2,98,164,845,1554,2,152,305
3977333714,21-04-2016,6093,4.08,4.08,0,0,0,4.06,0,0,0,242,712,1397,1,332,512
3977333714,22-04-2016,8911,5.96,5.96,0,2.33,0.58,3.06,0,33,12,188,731,1481,1,355,476
3977333714,23-04-2016,12058,8.07,8.07,0,0,4.22,3.85,0,0,92,252,724,1638,1,235,372
3977333714,24-04-2016,14112,10,10,0,3.27,4.56,2.17,0,30,95,129,660,1655,1,310,526
3977333714,25-04-2016,11177,8.48,8.48,0,5.62,0.43,2.41,0,50,9,133,781,1570,1,262,467
3977333714,26-04-2016,11388,7.62,7.62,0,0.45,4.22,2.95,0,7,95,170,797,1551,1,250,371
3977333714,27-04-2016,7193,5.04,5.04,0,0,0.42,4.62,0,0,10,176,714,1377,1,349,540
3977333714,28-04-2016,7114,4.88,4.88,0,1.37,0.29,3.22,0,15,8,190,804,1407,1,261,423
3977333714,29-04-2016,10645,7.75,7.75,0,3.74,1.3,2.71,0,36,32,150,744,1545,1,333,478
3977333714,30-04-2016,13238,9.2,9.2,0,3.69,2.1,3.41,0,43,52,194,687,1650,1,237,382
3977333714,01-05-2016,10414,7.07,7.07,0,2.67,1.98,2.41,0,41,40,124,691,1501,1,383,626
3977333714,02-05-2016,16520,11.05,11.05,0,1.54,6.48,3.02,0,24,143,176,713,1760,1,230,384
3977333714,03-05-2016,14335,9.59,9.59,0,3.32,1.74,4.53,0,47,41,258,594,1710,1,292,500
3977333714,04-05-2016,13559,9.44,9.44,0,1.81,4.58,2.89,0,14,96,142,852,1628,1,213,336
3977333714,05-05-2016,12312,8.58,8.58,0,1.76,4.11,2.71,0,14,88,178,680,1618,1,318,480
3977333714,06-05-2016,11677,8.28,8.28,0,3.11,2.51,2.67,0,29,55,168,676,1590,1,323,512
3977333714,07-05-2016,11550,7.73,7.73,0,0,4.13,3.59,0,0,86,208,703,1574,1,237,443
3977333714,08-05-2016,13585,9.09,9.09,0,0.68,5.24,3.17,0,9,116,171,688,1633,2,259,456
3977333714,10-05-2016,13072,8.78,8.78,0,0.07,5.4,3.31,0,1,115,196,676,1630,1,312,452
4020332650,12-04-2016,8539,6.12,6.12,0,0.15,0.24,5.68,0,4,15,331,712,3654,1,501,541
4020332650,16-04-2016,1982,1.42,1.42,0,0.45,0.37,0.59,0,65,21,55,1222,3051,1,77,77
4020332650,03-05-2016,4496,3.22,3.22,0,0,0,3.15,0.05,0,0,174,950,2828,1,322,332
4020332650,04-05-2016,10252,7.35,7.35,0,0.67,1.04,5.58,0,13,46,346,531,3879,1,478,536
4020332650,05-05-2016,11728,8.43,8.43,0,2.62,1.68,4.04,0.07,38,42,196,916,3429,1,226,248
4020332650,06-05-2016,4369,3.13,3.13,0,0,0,3.1,0.01,0,0,177,855,2704,1,385,408
4020332650,08-05-2016,5862,4.2,4.2,0,0,0,4.15,0,0,0,263,775,3089,1,364,402
4020332650,10-05-2016,5546,3.98,3.98,0,0,0,3.87,0.04,0,0,206,774,2926,1,442,494
4319703577,14-04-2016,10210,6.88,6.88,0,0.11,0.33,6.44,0,1,9,339,589,2302,1,535,557
4319703577,15-04-2016,5664,3.8,3.8,0,0,0,3.8,0,0,0,228,752,1985,1,465,491
4319703577,16-04-2016,4744,3.18,3.18,0,0,0,3.18,0,0,0,194,724,1884,1,506,522
4319703577,18-04-2016,2276,1.55,1.55,0,0.07,0.33,1.12,0,1,9,58,824,1632,1,515,551
4319703577,19-04-2016,8925,5.99,5.99,0,0,0,5.99,0,0,0,311,604,2200,2,461,498
4319703577,20-04-2016,8954,6.01,6.01,0,0,0.68,5.31,0,0,18,306,671,2220,1,523,543
4319703577,21-04-2016,3702,2.48,2.48,0,0,0,0.35,0,0,0,34,1265,1792,1,59,65
4319703577,22-04-2016,4500,3.02,3.02,0,0.06,0.81,2.15,0,1,19,176,709,1886,1,533,550
4319703577,23-04-2016,4935,3.31,3.31,0,0,0,3.31,0,0,0,233,546,1945,1,692,722
4319703577,24-04-2016,4081,2.74,2.74,0,0.06,0.2,2.47,0,1,5,191,692,1880,1,467,501
4319703577,25-04-2016,9259,6.21,6.21,0,0,0.28,5.93,0,0,8,390,544,2314,1,488,506
4319703577,26-04-2016,9899,6.64,6.64,0,0.57,0.92,5.15,0,8,21,288,649,2236,1,505,516
4319703577,27-04-2016,10780,7.23,7.23,0,0.41,1.92,4.91,0,6,47,300,680,2324,1,286,307
4319703577,28-04-2016,10817,7.28,7.28,0,1.01,0.33,5.94,0,13,8,359,552,2367,1,497,522
4319703577,29-04-2016,7990,5.36,5.36,0,0.45,0.79,4.12,0,6,18,289,624,2175,1,523,546
4319703577,30-04-2016,8221,5.52,5.52,0,0.4,1.61,3.51,0,6,38,196,695,2092,1,490,516
4319703577,01-05-2016,1251,0.84,0.84,0,0,0,0.84,0,0,0,67,836,1593,1,484,500
4319703577,02-05-2016,9261,6.24,6.24,0,0,0.44,5.71,0,0,11,344,585,2270,1,478,506
4319703577,03-05-2016,9648,6.47,6.47,0,0.58,1.07,4.83,0,8,26,287,669,2235,1,474,512
4319703577,06-05-2016,9524,6.42,6.42,0,0.41,0.47,5.46,0,6,11,314,692,2266,1,450,491
4319703577,07-05-2016,7937,5.33,5.33,0,0.19,1.05,4.08,0,3,28,279,586,2158,1,507,530
4319703577,08-05-2016,3672,2.46,2.46,0,0,0,2.46,0,0,0,153,603,1792,1,602,638
4319703577,09-05-2016,10378,6.96,6.96,0,0.14,0.56,6.25,0,2,14,374,490,2345,1,535,565
4319703577,10-05-2016,9487,6.37,6.37,0,0.21,0.46,5.7,0,3,12,329,555,2260,1,487,517
4319703577,11-05-2016,9129,6.13,6.13,0,0.2,0.74,5.18,0,3,18,311,574,2232,1,529,558
4319703577,12-05-2016,17,0.01,0.01,0,0,0,0.01,0,0,0,2,0,257,1,302,321
4388161847,15-04-2016,8758,6.73,6.73,0,0,0,6.73,0,0,0,299,837,3066,1,499,526
4388161847,16-04-2016,6580,5.06,5.06,0,0.21,0.4,4.45,0,6,9,253,609,3073,2,426,448
4388161847,17-04-2016,4660,3.58,3.58,0,0,0,3.58,0,0,0,201,721,2572,2,619,641
4388161847,18-04-2016,11009,9.1,9.1,0,3.56,0.4,5.14,0,27,8,239,1017,3274,1,99,104
4388161847,19-04-2016,10181,7.83,7.83,0,1.37,0.69,5.77,0,20,16,249,704,3015,1,329,338
4388161847,20-04-2016,10553,8.12,8.12,0,1.1,1.72,5.29,0,19,42,228,696,3083,1,421,451
4388161847,21-04-2016,10055,7.73,7.73,0,0.37,0.39,6.98,0,7,12,272,853,3069,1,442,458
4388161847,22-04-2016,12139,9.34,9.34,0,3.3,1.11,4.92,0,77,25,220,945,3544,1,82,85
4388161847,23-04-2016,13236,10.18,10.18,0,4.5,0.32,5.35,0,58,5,215,749,3306,1,478,501
4388161847,24-04-2016,10243,7.88,7.88,0,1.08,0.51,6.3,0,14,8,239,584,2885,3,552,595
4388161847,26-04-2016,9461,7.28,7.28,0,0.94,1.06,5.27,0,14,23,224,673,2929,1,319,346
4388161847,27-04-2016,11193,8.61,8.61,0,0.7,2.51,5.39,0,11,48,241,684,3074,1,439,500
4388161847,28-04-2016,10074,7.75,7.75,0,1.29,0.43,6.03,0,19,9,234,878,2969,1,428,458
4388161847,30-04-2016,12533,9.64,9.64,0,0.7,2,6.94,0,14,43,300,537,3283,2,409,430
4388161847,01-05-2016,10255,7.89,7.89,0,1.01,0.68,6.2,0,12,15,241,579,2926,1,547,597
4388161847,02-05-2016,10096,8.4,8.4,0,3.77,0.08,4.55,0,33,4,204,935,3147,2,368,376
4388161847,04-05-2016,12375,9.52,9.52,0,2.79,0.93,5.8,0,35,21,251,632,3162,1,390,414
4388161847,05-05-2016,9603,7.38,7.38,0,0.63,1.67,5.09,0,12,39,199,896,2899,1,471,495
4388161847,05-05-2016,9603,7.38,7.38,0,0.63,1.67,5.09,0,12,39,199,896,2899,1,471,495
4388161847,07-05-2016,22770,17.54,17.54,0,9.45,2.77,5.33,0,120,56,260,508,4022,1,472,496
4388161847,08-05-2016,17298,14.38,14.38,0,9.89,1.26,3.23,0,107,38,178,576,3934,2,529,541
4388161847,09-05-2016,10218,7.86,7.86,0,0.34,0.73,6.79,0,6,19,258,1020,3013,1,62,65
4388161847,10-05-2016,10299,7.92,7.92,0,0.81,0.65,6.46,0,13,14,267,648,3061,1,354,375
4388161847,11-05-2016,10201,7.84,7.84,0,0.53,0.79,6.53,0,8,18,256,858,2954,1,469,494
4445114986,12-04-2016,3276,2.2,2.2,0,0,0,2.2,0,0,0,196,787,2113,2,429,457
4445114986,13-04-2016,2961,1.99,1.99,0,0,0,1.99,0,0,0,194,840,2095,2,370,406
4445114986,14-04-2016,3974,2.67,2.67,0,0,0,2.67,0,0,0,231,717,2194,1,441,492
4445114986,15-04-2016,7198,4.83,4.83,0,0,0,4.83,0,0,0,350,711,2496,2,337,379
4445114986,16-04-2016,3945,2.65,2.65,0,0,0,2.65,0,0,0,225,716,2180,1,462,499
4445114986,17-04-2016,2268,1.52,1.52,0,0,0,1.52,0,0,0,114,1219,1933,1,98,107
4445114986,19-04-2016,2064,1.39,1.39,0,0,0,1.39,0,0,0,121,895,1954,2,388,424
4445114986,20-04-2016,2072,1.39,1.39,0,0,0,1.39,0,0,0,137,841,1974,1,439,462
4445114986,21-04-2016,3809,2.56,2.56,0,0,0,2.54,0,0,0,215,756,2150,1,436,469
4445114986,22-04-2016,6831,4.58,4.58,0,0,0,4.58,0,0,0,317,706,2432,1,388,417
4445114986,25-04-2016,3385,2.27,2.27,0,0,0,2.27,0,0,0,179,916,2070,1,328,345
4445114986,26-04-2016,6326,4.41,4.41,0,2.41,0.04,1.96,0,29,1,180,839,2291,2,353,391
4445114986,27-04-2016,7243,5.03,5.03,0,2.62,0.03,2.38,0,32,1,194,839,2361,1,332,374
4445114986,28-04-2016,4493,3.01,3.01,0,0,0,3.01,0,0,0,236,762,2203,1,419,442
4445114986,29-04-2016,4676,3.14,3.14,0,0,0,3.13,0,0,0,226,1106,2196,1,106,108
4445114986,30-04-2016,6222,4.18,4.18,0,0,0,4.18,0,0,0,290,797,2363,1,322,353
4445114986,01-05-2016,5232,3.51,3.51,0,0,0,3.51,0,0,0,240,741,2246,2,439,459
4445114986,02-05-2016,6910,4.75,4.75,0,2.21,0.19,2.35,0,27,4,200,667,2336,1,502,542
4445114986,03-05-2016,7502,5.18,5.18,0,2.48,0.11,2.58,0,30,2,233,725,2421,2,417,450
4445114986,04-05-2016,2923,1.96,1.96,0,0,0,1.96,0,0,0,180,897,2070,2,337,363
4445114986,05-05-2016,3800,2.55,2.55,0,0.12,0.24,2.18,0,2,6,185,734,2120,2,462,513
4445114986,06-05-2016,4514,3.03,3.03,0,0,0,3.03,0,0,0,229,809,2211,2,374,402
4445114986,07-05-2016,5183,3.59,3.59,0,2.13,0.19,1.25,0,26,4,108,866,2123,2,401,436
4445114986,08-05-2016,7303,4.9,4.9,0,0,0.25,4.65,0,0,8,308,733,2423,1,361,391
4445114986,09-05-2016,5275,3.54,3.54,0,0,0,3.54,0,0,0,266,641,2281,1,457,533
4445114986,10-05-2016,3915,2.63,2.63,0,0,0,2.63,0,0,0,231,783,2181,1,405,426
4445114986,11-05-2016,9105,6.11,6.11,0,2.25,1,2.86,0,34,22,232,622,2499,1,499,530
4445114986,12-05-2016,768,0.52,0.52,0,0,0,0.52,0,0,0,58,380,1212,1,483,501
4558609924,21-04-2016,13743,9.08,9.08,0,0.42,0.97,7.7,0,6,21,432,844,2486,1,126,137
4558609924,26-04-2016,9148,6.05,6.05,0,0.43,2.03,3.59,0,12,41,283,1062,2223,1,103,121
4558609924,29-04-2016,7833,5.18,5.18,0,1.02,1.85,2.31,0,15,29,197,1096,1918,1,171,179
4558609924,01-05-2016,3428,2.27,2.27,0,0,0,2.27,0,0,0,190,1121,1692,1,115,129
4558609924,08-05-2016,6543,4.33,4.33,0,1.8,0.5,2.02,0,66,35,238,1019,2666,1,123,134
4702921684,12-04-2016,7213,5.88,5.88,0,0,0,5.85,0,0,0,263,718,2947,1,425,439
4702921684,13-04-2016,6877,5.58,5.58,0,0,0,5.58,0,0,0,258,777,2898,2,400,430
4702921684,14-04-2016,7860,6.37,6.37,0,0,0,6.37,0,0,0,271,772,2984,1,384,415
4702921684,15-04-2016,6506,5.28,5.28,0,0.07,0.42,4.79,0,1,8,256,944,2896,1,253,257
4702921684,16-04-2016,11140,9.03,9.03,0,0.24,1.25,7.54,0,3,24,335,556,3328,2,382,406
4702921684,17-04-2016,12692,10.29,10.29,0,0.96,3.46,5.88,0,12,66,302,437,3394,1,591,612
4702921684,18-04-2016,9105,7.38,7.38,0,1.82,1.49,4.07,0,22,30,191,890,3013,1,293,312
4702921684,19-04-2016,6708,5.44,5.44,0,0.88,0.37,4.19,0,10,8,179,757,2812,1,457,487
4702921684,20-04-2016,8793,7.13,7.13,0,0.16,1.23,5.73,0,2,29,260,717,3061,1,454,468
4702921684,21-04-2016,6530,5.3,5.3,0,0.31,2.05,2.94,0,4,41,144,901,2729,1,425,434
4702921684,23-04-2016,15126,12.27,12.27,0,0.76,3.24,8.27,0,9,66,408,469,3691,1,465,475
4702921684,24-04-2016,15050,12.22,12.22,0,1.2,5.12,5.88,0,15,95,281,542,3538,1,480,506
4702921684,25-04-2016,9167,7.43,7.43,0,0.49,0.82,6.11,0,6,15,270,730,3064,1,370,380
4702921684,26-04-2016,6108,4.95,4.95,0,0.07,0.35,4.54,0,1,8,216,765,2784,1,421,429
4702921684,27-04-2016,7047,5.72,5.72,0,0.09,0.8,4.78,0,1,16,238,733,2908,1,432,449
4702921684,28-04-2016,9023,7.32,7.32,0,1.13,0.42,5.77,0,14,9,232,738,3033,1,442,461
4702921684,29-04-2016,9930,8.05,8.05,0,1.06,0.92,6.07,0,12,19,267,692,3165,1,433,447
4702921684,30-04-2016,10144,8.23,8.23,0,0.32,2.03,5.88,0,4,36,263,728,3115,1,479,501
4702921684,03-05-2016,9454,7.67,7.67,0,0,0,7.67,0,0,0,313,729,3145,1,327,373
4702921684,04-05-2016,8161,6.62,6.62,0,0.34,0.73,5.54,0,4,15,251,757,3004,1,412,434
4702921684,05-05-2016,8614,6.99,6.99,0,0.67,0.22,6.09,0,8,5,241,745,3006,1,414,428
4702921684,06-05-2016,6943,5.63,5.63,0,0.08,0.66,4.87,0,1,16,207,682,2859,1,404,449
4702921684,07-05-2016,14370,11.65,11.65,0,0.37,2.31,8.97,0,5,46,439,577,3683,1,520,543
4702921684,07-05-2016,14370,11.65,11.65,0,0.37,2.31,8.97,0,5,46,439,577,3683,1,520,543
4702921684,09-05-2016,8232,6.68,6.68,0,0,0.57,6.1,0,0,12,253,746,2990,1,435,458
4702921684,10-05-2016,10613,8.61,8.61,0,0.08,1.88,6.65,0,1,37,262,701,3172,1,416,431
4702921684,11-05-2016,9810,7.96,7.96,0,0.78,2.16,4.98,0,10,41,235,784,3069,1,354,366
4702921684,12-05-2016,2752,2.23,2.23,0,0,0,2.23,0,0,0,68,241,1240,1,404,442
5553957443,12-04-2016,11596,7.57,7.57,0,1.37,0.79,5.41,0,19,13,277,767,2026,1,441,464
5553957443,13-04-2016,4832,3.16,3.16,0,0,0,3.16,0,0,0,226,647,1718,2,455,488
5553957443,14-04-2016,17022,11.12,11.12,0,4,2.45,4.67,0,61,41,256,693,2324,1,357,418
5553957443,15-04-2016,16556,10.86,10.86,0,4.16,1.98,4.71,0,58,38,239,689,2254,1,377,409
5553957443,16-04-2016,5771,3.77,3.77,0,0,0,3.77,0,0,0,288,521,1831,2,651,686
5553957443,17-04-2016,655,0.43,0.43,0,0,0,0.43,0,0,0,46,943,1397,1,350,402
5553957443,18-04-2016,3727,2.43,2.43,0,0,0,2.43,0,0,0,206,622,1683,2,520,541
5553957443,19-04-2016,15482,10.11,10.11,0,4.28,1.66,4.18,0,69,28,249,756,2284,1,357,410
5553957443,20-04-2016,2713,1.77,1.77,0,0,0,1.77,0,0,0,148,598,1570,1,658,678
5553957443,21-04-2016,12346,8.06,8.06,0,2.95,2.16,2.96,0,47,42,177,801,2066,1,399,431
5553957443,22-04-2016,11682,7.63,7.63,0,1.38,0.63,5.6,0,25,16,270,781,2105,1,322,353
5553957443,23-04-2016,4112,2.69,2.69,0,0,0,2.68,0,0,0,272,443,1776,2,631,725
5553957443,24-04-2016,1807,1.18,1.18,0,0,0,1.18,0,0,0,104,582,1507,2,553,640
5553957443,25-04-2016,10946,7.19,7.19,0,2.93,0.57,3.69,0,51,11,201,732,2033,1,433,468
5553957443,26-04-2016,11886,7.76,7.76,0,2.37,0.93,4.46,0,40,18,238,750,2093,1,412,453
5553957443,27-04-2016,10538,6.88,6.88,0,1.14,1,4.74,0,16,16,206,745,1922,1,347,391
5553957443,28-04-2016,11393,7.63,7.63,0,3.71,0.75,3.17,0,49,13,165,727,1999,1,421,457
5553957443,29-04-2016,12764,8.33,8.33,0,2.79,0.64,4.91,0,46,15,270,709,2169,1,450,495
5553957443,30-04-2016,1202,0.78,0.78,0,0,0,0.78,0,0,0,84,506,1463,2,775,843
5553957443,01-05-2016,5164,3.37,3.37,0,0,0,3.37,0,0,0,237,436,1747,2,622,686
5553957443,02-05-2016,9769,6.38,6.38,0,1.06,0.41,4.9,0,23,9,227,724,1996,1,409,471
5553957443,03-05-2016,12848,8.39,8.39,0,1.5,1.2,5.68,0,26,29,247,812,2116,1,380,429
5553957443,04-05-2016,4249,2.77,2.77,0,0,0,2.77,0,0,0,224,651,1698,1,447,470
5553957443,05-05-2016,14331,9.51,9.51,0,3.43,1.66,4.43,0,44,29,241,692,2156,1,419,464
5553957443,06-05-2016,9632,6.29,6.29,0,1.52,0.54,4.23,0,21,9,229,761,1916,1,400,434
5553957443,07-05-2016,1868,1.22,1.22,0,0,0,1.22,0,0,0,96,902,1494,1,442,470
5553957443,08-05-2016,6083,4,4,0,0.22,0.47,3.3,0,3,8,210,505,1762,1,568,608
5553957443,09-05-2016,11611,7.58,7.58,0,2.13,0.89,4.56,0,59,22,251,667,2272,1,453,494
5553957443,10-05-2016,16358,10.71,10.71,0,3.87,1.61,5.2,0,61,40,265,707,2335,1,418,443
5553957443,11-05-2016,4926,3.22,3.22,0,0,0,3.22,0,0,0,195,628,1693,1,463,486
5553957443,12-05-2016,3121,2.04,2.04,0,0.58,0.4,1.06,0,8,6,48,222,741,1,438,475
5577150313,12-04-2016,8135,6.08,6.08,0,3.6,0.38,2.1,0,86,16,140,728,3405,1,419,438
5577150313,13-04-2016,5077,3.79,3.79,0,0.32,0.22,3.25,0,15,11,144,776,2551,1,432,458
5577150313,14-04-2016,8596,6.42,6.42,0,3.33,0.31,2.78,0,118,30,176,662,4022,1,477,497
5577150313,15-04-2016,12087,9.08,9.08,0,3.92,1.6,3.56,0,115,54,199,695,4005,1,392,413
5577150313,16-04-2016,14269,10.66,10.66,0,6.64,1.28,2.73,0,184,56,158,472,4274,1,406,445
5577150313,17-04-2016,12231,9.14,9.14,0,5.98,0.83,2.32,0,200,37,159,525,4552,1,549,583
5577150313,18-04-2016,9893,7.39,7.39,0,4.86,0.72,1.82,0,114,32,130,623,3625,1,527,553
5577150313,19-04-2016,12574,9.42,9.42,0,7.02,0.64,1.76,0,108,23,111,733,3501,1,449,465
5577150313,20-04-2016,8330,6.22,6.22,0,4.12,0.34,1.76,0,87,16,113,773,3192,1,447,480
5577150313,21-04-2016,10830,8.09,8.09,0,3.65,1.66,2.78,0,110,74,175,670,4018,1,414,437
5577150313,22-04-2016,9172,6.85,6.85,0,2.42,0.79,3.3,0,62,30,200,823,3329,1,338,366
5577150313,23-04-2016,7638,5.71,5.71,0,1.21,0.36,4.14,0,24,24,223,627,3152,1,384,402
5577150313,24-04-2016,15764,11.78,11.78,0,7.65,2.15,1.98,0,210,65,141,425,4392,1,543,615
5577150313,25-04-2016,6393,4.78,4.78,0,1.35,0.67,2.76,0,61,38,214,743,3374,1,421,461
5577150313,26-04-2016,5325,3.98,3.98,0,0.85,0.65,2.47,0,38,32,181,759,3088,1,354,377
5577150313,27-04-2016,6805,5.14,5.14,0,1.81,0.4,2.93,0,63,16,190,773,3294,1,424,452
5577150313,28-04-2016,9841,7.43,7.43,0,3.25,1.17,3.01,0,99,51,141,692,3580,1,361,372
5577150313,29-04-2016,7924,5.92,5.92,0,2.84,0.61,2.47,0,97,36,165,739,3544,1,459,485
5577150313,30-04-2016,12363,9.24,9.24,0,5.83,0.79,2.61,0,207,45,163,621,4501,1,412,433
5577150313,01-05-2016,13368,9.99,9.99,0,5.31,1.44,3.24,0,194,72,178,499,4546,1,379,398
5577150313,02-05-2016,7439,5.56,5.56,0,1.12,0.35,4.07,0,37,20,235,732,3014,2,525,553
5577150313,03-05-2016,11045,8.25,8.25,0,4.52,0.15,3.57,0,97,8,212,580,3795,1,508,543
5577150313,04-05-2016,5206,3.89,3.89,0,1.56,0.25,2.08,0,25,9,141,631,2755,1,603,634
5577150313,05-05-2016,7550,5.64,5.64,0,2.5,0.47,2.67,0,45,21,143,1153,3004,1,74,78
5577150313,10-05-2016,8869,6.65,6.65,0,2.56,0.75,3.35,0,104,37,194,639,3841,1,504,562
5577150313,11-05-2016,4038,3.04,3.04,0,1.83,0.3,0.89,0,45,15,63,257,1665,1,431,476
6117666160,16-04-2016,14450,10.91,10.91,0,0.58,0.85,9.48,0,7,15,518,502,2828,1,380,398
6117666160,17-04-2016,7150,5.4,5.4,0,0,0,5.4,0,0,0,312,702,2225,2,336,350
6117666160,18-04-2016,5153,3.91,3.91,0,0,0,3.89,0,0,0,241,759,2018,2,493,510
6117666160,19-04-2016,11135,8.41,8.41,0,0,0,8.41,0,0,0,480,425,2606,1,465,492
6117666160,20-04-2016,10449,8.02,8.02,0,2.03,0.48,5.52,0,26,10,349,587,2536,1,474,502
6117666160,21-04-2016,19542,15.01,15.01,0,0.98,0.4,5.62,0,11,19,294,579,4900,1,508,550
6117666160,22-04-2016,8206,6.2,6.2,0,0,0,6.2,0,0,0,402,413,2409,1,480,546
6117666160,23-04-2016,11495,8.68,8.68,0,0,0,8.68,0,0,0,512,468,2651,1,492,539
6117666160,24-04-2016,7623,5.76,5.76,0,0,0,5.76,0,0,0,362,711,2305,1,353,367
6117666160,27-04-2016,9411,7.11,7.11,0,0,0,7.11,0,0,0,458,417,2576,1,542,557
6117666160,28-04-2016,3403,2.6,2.6,0,0,0,2.6,0,0,0,141,758,1879,1,393,416
6117666160,29-04-2016,9592,7.24,7.24,0,0,0,7.24,0,0,0,461,479,2560,1,600,636
6117666160,01-05-2016,8915,6.73,6.73,0,0,0,6.73,0,0,0,397,525,2361,1,507,575
6117666160,05-05-2016,9799,7.4,7.4,0,0,0,7.4,0,0,0,487,479,2636,1,392,415
6117666160,06-05-2016,3365,2.68,2.68,0,0,0,2.68,0,0,0,133,673,1838,2,658,698
6117666160,07-05-2016,7336,5.54,5.54,0,0,0,5.54,0,0,0,412,456,2469,2,498,507
6117666160,08-05-2016,7328,5.53,5.53,0,0,0,5.53,0,0,0,318,517,2250,1,555,603
6117666160,09-05-2016,4477,3.38,3.38,0,0,0,3.38,0,0,0,197,125,1248,1,492,522
6775888955,13-04-2016,4053,2.91,2.91,0,1.11,0.58,1.22,0,17,18,85,1053,2400,1,235,260
6775888955,14-04-2016,5162,3.7,3.7,0,0.87,0.86,1.97,0,14,24,105,863,2507,1,423,441
6775888955,15-04-2016,1282,0.92,0.92,0,0,0,0.92,0,0,0,58,976,2127,1,391,406
6962181067,12-04-2016,10199,6.74,6.74,0,3.4,0.83,2.51,0,50,14,189,796,1994,1,366,387
6962181067,13-04-2016,5652,3.74,3.74,0,0.57,1.21,1.96,0,8,24,142,548,1718,3,630,679
6962181067,14-04-2016,1551,1.03,1.03,0,0,0,1.03,0,0,0,86,862,1466,2,508,535
6962181067,15-04-2016,5563,3.68,3.68,0,0,0,3.68,0,0,0,217,837,1756,1,370,386
6962181067,16-04-2016,13217,8.74,8.74,0,3.66,0.19,4.88,0,50,3,280,741,2173,1,357,366
6962181067,17-04-2016,10145,6.71,6.71,0,0.33,0.68,5.69,0,5,13,295,634,2027,1,427,446
6962181067,18-04-2016,11404,7.54,7.54,0,0.83,2.39,4.32,0,13,42,238,689,2039,1,442,458
6962181067,19-04-2016,10742,7.1,7.1,0,2.1,2.13,2.87,0,35,41,195,659,2046,1,476,535
6962181067,20-04-2016,13928,9.55,9.55,0,4.28,0.19,5.09,0,48,4,297,639,2174,1,418,424
6962181067,21-04-2016,11835,9.71,7.88,4.081692219,3.99,2.1,3.51,0.11,53,27,214,708,2179,1,451,457
6962181067,22-04-2016,10725,7.09,7.09,0,1.77,1.55,3.77,0,30,33,240,659,2086,1,425,435
6962181067,23-04-2016,20031,13.24,13.24,0,4.2,2,7.04,0,58,41,347,484,2571,1,528,546
6962181067,24-04-2016,5029,3.32,3.32,0,0,0,3.32,0,0,0,199,720,1705,1,511,514
6962181067,25-04-2016,13239,9.27,9.08,2.785175085,3.02,1.68,4.46,0.1,35,31,282,637,2194,1,400,415
6962181067,26-04-2016,10433,6.9,6.9,0,2.58,0.42,3.9,0,36,7,254,680,2012,1,441,446
6962181067,27-04-2016,10320,6.82,6.82,0,0.55,2.02,4.25,0,7,38,279,697,2034,1,455,467
6962181067,28-04-2016,12627,8.35,8.35,0,2.51,0.24,5.59,0,38,8,288,621,2182,1,440,453
6962181067,29-04-2016,10762,7.11,7.11,0,0.82,0.48,5.81,0,12,15,369,645,2254,1,433,447
6962181067,30-04-2016,10081,6.66,6.66,0,2.24,0.76,3.67,0,32,16,237,731,2002,1,422,424
6962181067,01-05-2016,5454,3.61,3.61,0,0,0,3.61,0,0,0,215,722,1740,1,411,426
6962181067,02-05-2016,12912,8.54,8.54,0,1.2,2,5.34,0,18,39,313,655,2162,1,466,482
6962181067,03-05-2016,12109,8.12,8.12,0,1.74,2.04,4.33,0,21,36,267,654,2072,1,394,418
6962181067,04-05-2016,10147,6.71,6.71,0,0.47,1.68,4.55,0,15,36,284,683,2086,1,442,455
6962181067,05-05-2016,10524,6.96,6.96,0,0.99,1.16,4.81,0,14,22,305,591,2066,1,467,491
6962181067,06-05-2016,5908,3.91,3.91,0,0,0,3.91,0,0,0,299,717,1850,1,443,462
6962181067,07-05-2016,6815,4.5,4.5,0,0,0,4.5,0,0,0,328,745,1947,1,298,334
6962181067,08-05-2016,4188,2.77,2.77,0,0,0.52,2.25,0,0,14,151,709,1659,1,541,569
6962181067,09-05-2016,12342,8.72,8.68,3.167821884,3.9,1.18,3.65,0,43,21,231,607,2105,1,489,497
6962181067,10-05-2016,15448,10.21,10.21,0,3.47,1.75,4.99,0,62,34,275,626,2361,1,469,481
6962181067,11-05-2016,6722,4.44,4.44,0,1.49,0.31,2.65,0,24,7,199,709,1855,1,452,480
6962181067,12-05-2016,3587,2.37,2.37,0,0,0.25,2.11,0,0,8,105,127,928,1,516,535
7007744171,16-04-2016,4631,3.1,3.1,0,0,0,3.1,0,0,0,203,1155,2076,1,79,82
7007744171,01-05-2016,5600,3.75,3.75,0,0,0,3.75,0,0,0,237,1142,2225,1,58,61
7086361926,12-04-2016,11317,8.41,8.41,0,5.27,0.15,2.97,0,59,6,153,745,2772,1,514,525
7086361926,13-04-2016,5813,3.62,3.62,0,0.56,0.21,2.84,0,31,26,155,744,2516,1,451,465
7086361926,14-04-2016,9123,6.12,6.12,0,2.03,0.33,3.66,0,35,32,189,787,2734,1,472,476
7086361926,15-04-2016,8585,5.67,5.67,0,2.04,1.11,2.53,0,30,21,139,864,2395,1,377,386
7086361926,19-04-2016,10688,7.29,7.29,0,3.53,1.23,2.51,0,67,69,124,671,2944,1,472,483
7086361926,20-04-2016,14365,10.64,10.64,0,7.64,0.45,2.54,0,87,13,145,797,2997,1,492,502
7086361926,21-04-2016,9469,6.18,6.18,0,1.36,0.3,4.51,0,19,6,206,758,2463,1,390,411
7086361926,22-04-2016,9753,6.53,6.53,0,2.87,0.97,2.67,0,58,59,153,762,2846,1,428,448
7086361926,24-04-2016,3520,2.16,2.16,0,0,0,2.15,0,0,0,125,566,2049,1,681,704
7086361926,25-04-2016,10091,6.82,6.82,0,3.75,0.7,2.37,0,69,39,129,706,2752,1,446,447
7086361926,26-04-2016,10387,7.07,7.07,0,4.16,0.77,2.12,0,70,33,132,726,2781,1,485,500
7086361926,27-04-2016,11107,8.34,8.34,0,5.63,0.18,2.53,0,55,6,145,829,2693,1,469,479
7086361926,28-04-2016,11584,7.8,7.8,0,2.79,1.64,3.36,0,54,48,161,810,2862,1,354,367
7086361926,30-04-2016,14560,9.41,9.41,0,3.12,1.04,5.24,0,42,17,308,584,2995,1,485,489
7086361926,01-05-2016,12390,8.07,8.07,0,2.3,0.9,4.85,0,30,15,258,685,2730,1,388,407
7086361926,02-05-2016,10052,6.81,6.81,0,3.48,0.66,2.66,0,66,26,139,737,2754,1,440,459
7086361926,03-05-2016,10288,6.76,6.76,0,2.74,0.85,3.16,0,57,36,152,761,2754,1,456,461
7086361926,04-05-2016,10988,8.31,8.31,0,5.28,0.12,2.9,0,45,12,135,843,2655,1,420,436
7086361926,06-05-2016,12461,8.38,8.38,0,3.82,1.43,3.12,0,84,35,154,834,2924,1,322,333
7086361926,07-05-2016,12827,8.48,8.48,0,1.46,2.33,4.68,0,20,42,209,621,2739,1,530,548
7086361926,08-05-2016,10677,7.1,7.1,0,2.31,1.53,3.25,0,32,27,147,695,2534,1,481,510
7086361926,09-05-2016,13566,9.11,9.11,0,4.26,1.71,3.12,0,67,50,171,743,2960,1,427,438
7086361926,11-05-2016,9572,6.52,6.52,0,2.89,1.39,2.23,0,57,40,128,757,2735,1,451,463
7086361926,12-05-2016,3789,2.56,2.56,0,0.38,0.27,1.89,0,5,4,58,343,1199,1,444,457
8053475328,20-04-2016,15108,12.19,12.19,0,9.58,0.23,2.38,0,89,5,158,695,3043,1,486,493
8053475328,23-04-2016,22359,17.19,17.19,0,12.54,0.63,4.02,0,125,14,223,741,3554,1,331,337
8053475328,07-05-2016,19769,15.67,15.67,0,12.44,0.88,2.35,0,121,20,148,1076,3331,1,74,75
8378563200,12-04-2016,7626,6.05,6.05,2.253081083,0.83,0.71,4.5,0,65,15,156,723,3635,1,338,356
8378563200,13-04-2016,12386,9.82,9.82,2.092147112,4.96,0.65,4.21,0,116,14,169,680,4079,2,447,487
8378563200,14-04-2016,13318,10.56,10.56,2.253081083,5.62,1.03,3.91,0,123,21,174,699,4163,1,424,455
8378563200,15-04-2016,14461,11.47,11.47,0,4.91,1.15,5.41,0,60,23,190,729,3666,1,513,533
8378563200,16-04-2016,11207,8.89,8.89,0,5.37,1.07,2.44,0,64,21,142,563,3363,2,611,689
8378563200,17-04-2016,2132,1.69,1.69,0,0,0,1.69,0,0,0,93,599,2572,2,525,591
8378563200,18-04-2016,13630,10.81,10.81,2.092147112,5.05,0.56,5.2,0,117,10,174,720,4157,1,398,451
8378563200,19-04-2016,13070,10.36,10.36,2.253081083,5.3,0.88,4.18,0,120,19,154,737,4092,1,387,421
8378563200,20-04-2016,9388,7.44,7.44,2.092147112,2.23,0.44,4.78,0,82,8,169,763,3787,1,381,409
8378563200,21-04-2016,15148,12.01,12.01,2.253081083,6.9,0.82,4.29,0,137,16,145,677,4236,1,396,417
8378563200,22-04-2016,12200,9.67,9.67,2.092147112,4.91,0.59,4.18,0,113,12,159,769,4044,1,441,469
8378563200,23-04-2016,5709,4.53,4.53,0,1.52,0.52,2.48,0,19,10,136,740,2908,1,565,591
8378563200,24-04-2016,3703,2.94,2.94,0,0,0,2.94,0,0,0,135,734,2741,1,458,492
8378563200,25-04-2016,12405,9.84,9.84,2.092147112,5.05,0.87,3.92,0,117,16,141,692,4005,1,388,402
8378563200,25-04-2016,12405,9.84,9.84,2.092147112,5.05,0.87,3.92,0,117,16,141,692,4005,1,388,402
8378563200,26-04-2016,16208,12.85,12.85,0,7.51,0.92,4.42,0,90,18,161,593,3763,1,550,584
8378563200,27-04-2016,7359,5.84,5.84,0,0.33,0.18,5.33,0,4,4,192,676,3061,1,531,600
8378563200,28-04-2016,5417,4.3,4.3,0,0.9,0.49,2.91,0,11,10,139,711,2884,1,506,556
8378563200,29-04-2016,6175,4.9,4.9,0,0.25,0.36,4.27,0,3,7,172,767,2982,1,527,562
8378563200,30-04-2016,2946,2.34,2.34,0,0,0,2.34,0,0,0,121,780,2660,1,468,555
8378563200,01-05-2016,11419,9.06,9.06,0,6.03,0.56,2.47,0,71,10,127,669,3369,1,475,539
8378563200,02-05-2016,6064,4.81,4.81,2.092147112,0.63,0.17,4.01,0,63,4,142,802,3491,1,351,385
8378563200,03-05-2016,8712,6.91,6.91,2.253081083,1.34,1.06,4.5,0,71,20,195,822,3784,1,405,429
8378563200,04-05-2016,7875,6.24,6.24,0,1.56,0.49,4.2,0,19,10,167,680,3110,1,441,477
8378563200,05-05-2016,8567,6.79,6.79,2.253081083,0.89,0.16,5.74,0,66,3,214,764,3783,1,381,417
8378563200,06-05-2016,7045,5.59,5.59,2.092147112,1.55,0.25,3.78,0,74,5,166,831,3644,1,323,355
8378563200,07-05-2016,4468,3.54,3.54,0,0,0,3.54,0,0,0,158,851,2799,2,459,513
8378563200,08-05-2016,2943,2.33,2.33,0,0,0,2.33,0,0,0,139,621,2685,1,545,606
8378563200,09-05-2016,8382,6.65,6.65,2.092147112,1.27,0.66,4.72,0,71,13,171,772,3721,1,359,399
8378563200,10-05-2016,6582,5.22,5.22,2.253081083,0.66,0.64,3.92,0,63,13,152,840,3586,1,342,391
8378563200,11-05-2016,9143,7.25,7.25,2.092147112,1.39,0.59,5.27,0,72,10,184,763,3788,1,368,387
8378563200,12-05-2016,4561,3.62,3.62,0,0.65,0.27,2.69,0,8,6,102,433,1976,1,496,546
8792009665,12-04-2016,2564,1.64,1.64,0,0,0,1.64,0,0,0,116,831,2044,1,458,493
8792009665,13-04-2016,1320,0.84,0.84,0,0,0,0.84,0,0,0,82,806,1934,1,531,552
8792009665,14-04-2016,1219,0.78,0.78,0,0,0,0.78,0,0,0,84,853,1963,1,486,503
8792009665,15-04-2016,2483,1.59,1.59,0,0,0,1.59,0,0,0,126,937,2009,1,363,377
8792009665,20-04-2016,3147,2.01,2.01,0,0,0.28,1.74,0,0,10,139,744,2188,1,528,547
8792009665,22-04-2016,4068,2.6,2.6,0,0.05,0.28,2.27,0,1,20,195,817,2419,1,391,407
8792009665,23-04-2016,5245,3.36,3.36,0,0.16,0.44,2.75,0,8,45,232,795,2748,1,339,360
8792009665,27-04-2016,1758,1.13,1.13,0,0,0,1.13,0,0,0,112,900,2067,1,423,428
8792009665,28-04-2016,6157,3.94,3.94,0,0,0,3.94,0,0,0,310,714,2780,1,402,416
8792009665,29-04-2016,8360,5.35,5.35,0,0.14,0.28,4.93,0,6,14,380,634,3101,1,398,406
8792009665,30-04-2016,7174,4.59,4.59,0,0.33,0.36,3.91,0,10,20,301,749,2896,1,343,360
8792009665,01-05-2016,1619,1.04,1.04,0,0,0,1.04,0,0,0,79,834,1962,1,503,527
8792009665,02-05-2016,1831,1.17,1.17,0,0,0,1.17,0,0,0,101,916,2015,1,415,423
8792009665,03-05-2016,2421,1.55,1.55,0,0,0,1.55,0,0,0,156,739,2297,1,516,545
8792009665,04-05-2016,2283,1.46,1.46,0,0,0,1.46,0,0,0,129,848,2067,1,439,463
7712000897,24-05-2022,8588,6.32,6.32,0,3.93,0,2.39,0,44,20,188,707,2843,1,414,481
7712000897,25-05-2022,2517,1.75,1.75,0,1.09,0,0.66,0,0,0,95,991,2131,1,310,354
7712000897,26-05-2022,2738,1.9,1.9,0,1.18,0,0.72,0,0,0,116,793,2170,2,474,531
7712000897,27-05-2022,4473,2.92,2.92,0,1.81,0,1.12,0,0,9,222,885,2713,1,265,324
7712000897,28-05-2022,3444,2.23,2.23,0,1.39,0,0.84,0,53,14,68,1205,2445,1,89,100
7712000897,29-05-2022,1262,0.78,0.78,0,0.48,0,0.3,0,0,0,55,1036,1968,1,305,349
7712000897,30-05-2022,1414,0.98,0.98,0,0.61,0,0.37,0,2,10,39,835,1954,1,449,554
7712000897,31-05-2022,2506,1.74,1.74,0,1.08,0,0.66,0,0,0,100,1020,2108,2,289,320
